[
    {
        "name": "Bayroot",
        "image": "https://www.telegraph.co.uk/content/dam/Travel/Destinations/Europe/England/Brighton/brighton-restaurants-hotel-du-vin-bistro.jpg",
        "menus": [
            {
                "title": "Grill",
                "items": [
                    {
                        "name": "Houmous Shawarma Lamb",
                        "price": 6.50
                    },
                    {
                        "name": "Lamb Parcels",
                        "price": 5.70
                    },
                    {
                        "name": "Meat Balls (Kebbeh)",
                        "price": 6.50
                    },
                    {
                        "name": "Falafel (v)",
                        "price": 5.00
                    }
                ]
            },
            {
                "title": "Cold Mezza/Starters",
                "items": [
                    {
                        "name": "Houmous",
                        "price": 5.00
                    },
                    {
                        "name": "Baba Ganoush (Moutabal) (v)",
                        "price": 5.70
                    },
                    {
                        "name": "Stuffed Vine Leaves (Warak Enab)",
                        "price": 5.70
                    }
                ]
            }
        ]
    },
    {
        "name": "The Berkley",
        "image": "https://www.the-berkeley.co.uk/siteassets/restaurants--bars/the-garden-at-the-berkeley/the-garden-at-the-berkeley-teaser.jpg?w=620&h=560&scale=both&mode=crop",
        "menus": [
            {
                "title": "Afternoon tea",
                "items": [
                    {
                        "name": "Prêt-à-Portea",
                        "price": 60.00
                    },
                    {
                        "name": "High-Fashion Bakes and Biscuits",
                        "price": 70.00
                    }
                ]
            },
            {
                "title": "Breakfast Menu",
                "items": [
                    {
                        "name": "Berkeley Full English",
                        "price": 24.00
                    },
                    {
                        "name": "The Berkeley Breakfast",
                        "price": 38.00
                    },
                    {
                        "name": "Crushed Avocado on Toast",
                        "price": 13.00
                    },
                    {
                        "name": "Baked Eggs Shakshuka",
                        "price": 13.00
                    },
                    {
                        "name": "American Pancakes",
                        "price": 18.00
                    },
                    {
                        "name": "Coconut Chia Seed Pudding",
                        "price": 14.00
                    }
                ]
            }
        ]
    },
    {
        "name": "Balthazar",
        "image": "https://media.timeout.com/images/105034416/1372/772/image.jpg",
        "menus": [
            {
                "title": "Express Menu",
                "items": [
                    {
                        "name": "BASKET OF SOURDOUGH PARISIENNE BAGUETTE",
                        "price": 4.00
                    },
                    {
                        "name": "ROQUEFORT SALAD",
                        "price": 8.75
                    },
                    {
                        "name": "DUCK LIVER PARFAIT",
                        "price": 9.50
                    },
                    {
                        "name": "BUFFALO MOZZARELLA",
                        "price": 9.75
                    },
                    {
                        "name": "TUNA TARTARE",
                        "price": 11.50
                    },
                    {
                        "name": "BABY GEM SALAD ",
                        "price": 8.75
                    }
                ]
            },
            {
                "title": "Desserts",
                "items": [
                    {
                        "name": "Apple Tarte Fine",
                        "price": 9.00
                    },
                    {
                        "name": "Chocolate Profiteroles",
                        "price": 8.50
                    },
                    {
                        "name": "Mousse au Chocolat",
                        "price": 8.00
                    },
                    {
                        "name": "Crème Brûlée",
                        "price": 8.00
                    },
                    {
                        "name": "Raspberry Soufflé",
                        "price": 9.00
                    },
                    {
                        "name": "Sundae",
                        "price": 8.00
                    },
                    {
                        "name": "Le Colonel",
                        "price": 8.00
                    }
                ]
            },
            {
                "title": "A La Carte",
                "items": [
                    {
                        "name": "OYSTERS",
                        "price": 17.00
                    },
                    {
                        "name": "CHAMPAGNE & OYSTERS",
                        "price": 22.50
                    },
                    {
                        "name": "LOBSTER",
                        "price": 40.00
                    },
                    {
                        "name": "CAVIAR 30GM",
                        "price": 80.00
                    }
                ]
            }
        ]
    },
    {
        "name": "Berners Tavern",
        "image": "https://media.timeout.com/images/103495239/1372/772/image.jpg",
        "menus": [
            {
                "title": "A La Carte",
                "items": [
                    {
                        "name": "Roast butternut soup, butternut hummud, salsify and cob nut",
                        "price": 12.00
                    },
                    {
                        "name": "Berners Tavern B.L.T, buttermilk dressing, lemon",
                        "price": 14.00
                    },
                    {
                        "name": "Roast mushrooms on toast, mushroom ketchup, Keens cheddar",
                        "price": 15.00
                    },
                    {
                        "name": "BBQ Dingley Dell pork chop, apple and chilli ketchup, charred soured cabbage",
                        "price": 28.00
                    },
                    {
                        "name": "Berners Tavern mac and cheese",
                        "price": 22.00
                    },
                    {
                        "name": "Buttered Cornish cod, triple cooked chips, crushed peas, tartare sauce",
                        "price": 22.00
                    },
                    {
                        "name": "Cornish seabass, green lentil and bacon stew, baby gem",
                        "price": 34.00
                    },
                    {
                        "name": "Bitter chocolate tart, vanilla ice cream",
                        "price": 10.00
                    },
                    {
                        "name": "Selection of British cheeses",
                        "price": 14.00
                    }
                ]
            },
            {
                "title": "Sunday Lunch",
                "items": [
                    {
                        "name": "Scrambled Clarence Court eggs, cured salmon, toasted sourdough",
                        "price": 14.00
                    },
                    {
                        "name": "Smoked Dingley Dell pork belly, poached Clarence Court egg, toasted English muffin, hollandaise sauce",
                        "price": 15.00
                    },
                    {
                        "name": "BBQ baby monkfish, green lentils and bacon with roast potatoes, Yorkshire pudding, roast carrots and tender stem broccoli",
                        "price": 25.00
                    },
                    {
                        "name": "Buccleuch Estate sirloin, roasted onion with roast potatoes, Yorkshire pudding, roast carrots and tender stem broccoli",
                        "price": 30.00
                    },
                    {
                        "name": "Triple chocolate tart, vanilla ice cream",
                        "price": 8.00
                    },
                    {
                        "name": "Passion fruit cheesecake",
                        "price": 8.00
                    }
                ]
            }
        ]
    },
    {
        "name": "Blanchette East",
        "image": "https://media.timeout.com/images/103717157/1372/772/image.jpg",
        "menus": [
            {
                "title": "A La Carte",
                "items": [
                    {
                        "name": "Moules Mariniere",
                        "price": 12.50
                    },
                    {
                        "name": "Lemon sole, sauce grenobloise",
                        "price": 26.00
                    },
                    {
                        "name": "Turbot, BBQ leeks, fennel a la Lyonnaise",
                        "price": 24
                    },
                    {
                        "name": "Sauteed Madagascan prawn, fennel relish, pernod",
                        "price": 29
                    },
                    {
                        "name": "Corn fed chicken breast, baby carrots, peas, grelot & Girolles",
                        "price": 15.50
                    },
                    {
                        "name": "Braised lamb shoulder, anchovy, resemary, soubise sauce",
                        "price": 16.50
                    },
                    {
                        "name": "Chateaubriand, celeriac mousseline, sauce diable",
                        "price": 36.00
                    },
                    {
                        "name": "Frites & Bearnaise",
                        "price": 4.00
                    },
                    {
                        "name": "Green bean salad, aged comte, shallots, walnut dressing",
                        "price": 7.25
                    },
                    {
                        "name": "Mixed leaf salad",
                        "price": 4.00
                    }
                ]
            }
        ]
    },
    {
        "name": "Bob Bob Ricard",
        "image": "https://media.timeout.com/images/103717078/1372/772/image.jpg",
        "menus": [
            {
                "title": "Waffle",
                "items": [
                    {
                        "name": "Plain Waffle & Seasonal Berries",
                        "price": 12
                    },
                    {
                        "name": "Strawberry Waffle & Crispy Bacon",
                        "price": 12
                    },
                    {
                        "name": "Truffle Waffle & Gold Paper",
                        "price": 16.50
                    },
                    {
                        "name": "Matcha Waffle & Vanilla Ice Cream",
                        "price": 15.50
                    }
                ]
            },
            {
                "title": "Dessert",
                "items": [
                    {
                        "name": "Chocolate Truffles",
                        "price": 4
                    },
                    {
                        "name": "Rice Pudding",
                        "price": 8
                    },
                    {
                        "name": "Flaming Creme Brulee",
                        "price": 12.50
                    },
                    {
                        "name": "Cloudberry Pavlova",
                        "price": 10
                    },
                    {
                        "name": "Seasonal Fruit",
                        "price": 15.30
                    }
                ]
            },
            {
                "title": "Oysters",
                "items": [
                    {
                        "name": "Jersey Rock Oysters",
                        "price": 9
                    },
                    {
                        "name": "Baked Oysters",
                        "price": 8
                    },
                    {
                        "name": "Brezhnev Oysters",
                        "price": 10
                    }
                ]
            }
        ]
    },
    {
        "name": "Cafe Monico",
        "image": "https://media.timeout.com/images/103720815/1372/772/image.jpg",
        "menus": [
            {
                "title": "Mains",
                "items": [
                    {
                        "name": "Parnip Soup",
                        "price": 6.00
                    },
                    {
                        "name": "Chicken Liver Parfait",
                        "price": 6.00
                    },
                    {
                        "name": "Dill Cured Salmon",
                        "price": 10.00
                    }
                ]
            },
            {
                "title": "Sunday Brunch",
                "items":[
                    {
                        "name": "Croissant",
                        "price": 4.00
                    },
                    {
                        "name": "Egg Royal",
                        "price": 13.00
                    },
                    {
                        "name": "Full English",
                        "price": 12.00
                    }
                ]
            },
            {
                "title": "Desserts",
                "items":[
                    {
                        "name": "Sticky Toffee Pudding",
                        "price": 7.00
                    },
                    {
                        "name": "Cheesecake",
                        "price": 7.00
                    },
                    {
                        "name": "Profiteroles",
                        "price": 8.00
                    }
                ]
            }
        ]
    },
    {
        "name": "Impact crator",
        "image": "https://media.timeout.com/images/103813580/1372/772/image.jpg",
        "menus": [
          {
            "title": "Lunch Menu",
            "items": [
              {
                "name": "Baguete",
                "price": 10.00
              },
              {
                "name": "Sandwich",
                "price": 8.00
              },
              {
                "name": "Soup",
                "price": 7.00
              }
              ]
          },
          {
            "title": "Brunch Menu",
            "items": [
              {
                "name": "Small Breakfast",
                "price": 4.00
              },
              {
                "name": "All day breakfast baguette",
                "price": 6.00
              },
              {
                "name": "Full English",
                "price": 10.00
              }
              ]
          }
          ]
    }
]
