{
  "ipcMode": null,
  "executionRoleArn": null,
  "containerDefinitions": [
    {
      "dnsSearchDomains": null,
      "environmentFiles": null,
      "logConfiguration": null,
      "entryPoint": null,
      "portMappings": [],
      "command": null,
      "linuxParameters": null,
      "cpu": 0,
      "environment": [],
      "resourceRequirements": null,
      "ulimits": null,
      "dnsServers": null,
      "mountPoints": [],
      "workingDirectory": null,
      "secrets": null,
      "dockerSecurityOptions": null,
      "memory": null,
      "memoryReservation": null,
      "volumesFrom": [],
      "stopTimeout": null,
      "image": "251754556917.dkr.ecr.us-east-2.amazonaws.com/restaurant:2ad402fca3fdc1cee1de8d704c585cf600dffbb6",
      "startTimeout": null,
      "firelensConfiguration": null,
      "dependsOn": null,
      "disableNetworking": null,
      "interactive": null,
      "healthCheck": null,
      "essential": true,
      "links": null,
      "hostname": null,
      "extraHosts": null,
      "pseudoTerminal": null,
      "user": null,
      "readonlyRootFilesystem": null,
      "dockerLabels": null,
      "systemControls": null,
      "privileged": null,
      "name": "restaurant"
    }
  ],
  "placementConstraints": [],
  "memory": "1",
  "taskRoleArn": null,
  "compatibilities": [
    "EXTERNAL",
    "EC2"
  ],
  "taskDefinitionArn": "arn:aws:ecs:us-east-2:251754556917:task-definition/SLMP-TASK1:4",
  "family": "SLMP-TASK1",
  "requiresAttributes": [
    {
      "targetId": null,
      "targetType": null,
      "value": null,
      "name": "com.amazonaws.ecs.capability.ecr-auth"
    }
  ],
  "pidMode": null,
  "requiresCompatibilities": [
    "EC2"
  ],
  "networkMode": null,
  "runtimePlatform": null,
  "cpu": "2048",
  "revision": 1,
  "status": "ACTIVE",
  "inferenceAccelerators": null,
  "proxyConfiguration": null,
  "volumes": []
}
